20687129D;ana;garcía peláez;3;[942488171, 503987412, 280451180]
19095131W;jaime;vegabaja moreno;3;[158729489, 711603929]
45599494Q;elena;portela garcía;3;[735367547]
49583030K;fran;toledo vistahermosa;3;[]
36898739T;sara;miralles moreno;3;[982769896, 693951669]
60001074P;pedro;martínez ortega;3;[]
83409559J;maite;pereda payá;3;[]
03864918K;roberto;martínez cuadra;3;[]
59136687F;maría;bernabeu rivera;3;[309958301]
43815496J;juan;catalán martínez;3;[758489748, 155178952]
52075153W;paola;garcía peláez;3;[]
16834817J;paula;botella peiró;3;[]
85306065P;pablo;hernández tomelloso;3;[]
03372372C;jesús;pascual garcía;3;[]
62834073M;sara;miralles pascual;3;[]
24649883R;jaime;ortega peláez;3;[]
18298952Z;sara;martín payá;3;[]
67078229V;ana;osasuna portela;3;[]
39582787V;maría;vegabaja pereda;3;[]
70008913H;pedro;peris garcía;3;[]
61127511C;isaac;pellicer botella;3;[182633715, 127749579]
67628057F;ana;moral payá;3;[190808155]
85137439H;juan;terol cuadra;3;[]
99472424T;maría victoria;vegabaja miralles;3;[]
20087334P;jose;albors peris;3;[]
55913926Y;anaís;peláez garcía;3;[]
53825218C;jaime;albors portela;3;[949287667, 125247478, 522674821]
02251335A;maría;bernabeu pastor;3;[697240993, 336447545]
10487485Z;francisco;vicéns garcía;3;[]
79752863H;jesús;botella pascual;3;[]
